<?xml version="1.0" encoding="UTF-8"?>
<!DOCTYPE mapper PUBLIC "-//mybatis.org//DTD Mapper 3.0//EN" "http://mybatis.org/dtd/mybatis-3-mapper.dtd">
<mapper namespace="com.gem.hami.dao.ForumPostMapper">
    <resultMap id="selectTopForumPostBySchoolIdMap" type="ForumPost">
        <id column="forum_post_id" property="forumPostId"/>
        <result column="title" property="title"/>
        <result column="release_time" property="releaseTime"/>
        <result column="update_time" property="updateTime"/>
        <result column="remark" property="remark"/>
        <result column="click_count" property="clickCount"/>
        <result column="comment_count" property="commentCount"/>
        <result column="is_top" property="isTop"/>
        <result column="is_advertisement" property="isAdvertisement"/>
        <result column="photo" property="photo"/>
        <result column="content" property="content"/>

        <association property="user" javaType="User">
            <id column="user_id" property="userId"/>
            <result column="nickname" property="nickname"/>
            <result column="photo" property="photo"/>
        </association>

    </resultMap>
    <!--public List<ForumPost> selectTopForumPostBySchoolId(int schoolId);-->
    <select id="selectTopForumPostBySchoolId" resultMap="selectTopForumPostBySchoolIdMap" parameterType="int">
        SELECT * FROM forum_post f LEFT JOIN user u ON f.user_id=u.user_id WHERE u.school_id=#{_parameter} ORDER BY is_top DESC ,release_time DESC
    </select>

    <!--public List<ForumPost> selectTopForumPostBySchoolId1(int schoolId);-->
    <select id="selectTopForumPostBySchoolId1" resultMap="selectTopForumPostBySchoolIdMap" parameterType="int">
        SELECT * FROM forum_post f LEFT JOIN user u ON f.user_id=u.user_id WHERE u.school_id=#{_parameter} ORDER BY is_top DESC ,release_time DESC
    </select>



    <!--public ForumPost findForumPostByForudId(int forumId);用于帖子详情和评论-->
    <select id="findForumPostByForudId" resultType="ForumPost" parameterType="int">
        SELECT * FROM  forum_post WHERE forum_post_id =#{_parameter}
    </select>
    <!--&lt;!&ndash;public List<ForumPost> selectForumPostByTime(int schoolId);&ndash;&gt;-->
    <!--<select id="selectForumPostByTime" resultType="ForumPost" parameterType="int">-->
       <!--SELECT * FROM forum_post f LEFT JOIN user u ON f.user_id=u.user_id WHERE u.school_id=#{_parameter} ORDER BY is_top DESC ,release_time DESC-->
    <!--</select>-->


    <!--public List<ForumPost> selectOnesForumPost(int userId);-->
    <select id="selectOnesForumPost" resultType="ForumPost" parameterType="int">
        SELECT * FROM  forum_post f WHERE user_id=#{_parameter}
    </select>


    <!--这个地方的图片有异议-->
    <!--public boolean  insertForumPost();-->
    <insert id="insertForumPost" parameterType="ForumPost">
        insert into forum_post(user_id,title,content,release_time,update_time,remark,click_count,comment_count,is_top,is_advertisement,photo) values(#{userId},#{title},#{content},
        #{releaseTime},NULL,NULL,NULL,NULL,0,#{isAdvertisement},NULL )
    </insert>


    <!--public void  updateForumPostIsTop(int forumPostId);-->
    <update id="updateForumPostIsTop" parameterType="int">
        UPDATE forum_post SET is_top=1 WHERE forum_post_id=#{_parameter}
    </update>


    <update id="updateForumPostIsnotTop" parameterType="int">
        UPDATE forum_post SET is_top=0 WHERE forum_post_id=#{_parameter}
    </update>


    <!--public  boolean deleteForumPost(int postId);-->
    <delete id="deleteForumPost" parameterType="int">
        DELETE FROM forum_post WHERE forum_post_id=#{_parameter}
    </delete>



</mapper>