<?xml version="1.0" encoding="UTF-8"?>
<!DOCTYPE mapper PUBLIC "-//mybatis.org//DTD Mapper 3.0//EN" "http://mybatis.org/dtd/mybatis-3-mapper.dtd">
<mapper namespace="com.gem.hami.dao.HelpCommentReplyMapper">

    <resultMap id="ReplyMap" type="HelpCommentReply">
        <id column="help_comment_reply_id" property="helpCommentReplyId"></id>
        <result column="content" property="content"/>
        <result column="user_id" property="userId"/>
        <result column="commented_user_id" property="commentedUserId"/>
        <result column="help_comment_id" property="helpCommentId"/>
        <result column="create_time" property="createTime"/>
        <association property="user" javaType="User">
            <result column="nickname" property="nickname"/>
        </association>
        <association property="commentedUser" javaType="User">
            <result column="commented_nickname" property="nickname"/>
        </association>
    </resultMap>


    <select id="selectReplysByCommentId" resultMap="ReplyMap">
        select hcr.* ,u1.nickname , u2.nickname as commented_nickname  FROM help_comment_reply hcr,user u1,user u2 where u1.user_id = hcr.user_id
        and u2.user_id = hcr.commented_user_id and help_comment_id=#{param1}
    </select>


    <select id="selectReplyByReplyId" resultMap="ReplyMap">
        select hcr.* ,u1.* , u2.*  FROM help_comment_reply hcr,user u1,user u2 where u1.user_id = hcr.user_id
        and u2.user_id = hcr.commented_user_id and help_comment_reply_id=#{param1}
    </select>

    <insert id="insertHelpCommentReply" parameterType="HelpCommentReply" useGeneratedKeys="true">
        insert into help_comment_reply(content,user_id,commented_user_id,help_post_comment_id,create_time)
        VALUES (#{content},#{userId},#{commentedUserId},#{helpPostCommentId},#{createTime})
    </insert>

    <delete id="deleteHelpCommentReply" parameterType="java.lang.Integer">
        delete FROM help_comment_reply WHERE help_comment_reply_id = #{param1}
    </delete>

</mapper>