<?xml version="1.0" encoding="UTF-8"?>
<!DOCTYPE mapper PUBLIC "-//mybatis.org//DTD Mapper 3.0//EN" "http://mybatis.org/dtd/mybatis-3-mapper.dtd">
<mapper namespace="com.gem.hami.dao.HelpQueueMapper">
    <resultMap id="selectHelpQueueMap" type="HelpQueue">
        <id column="help_queue_id" property="helpQueueId"></id>
        <result column="name" property="name"/>
        <result column="remark_infomation" property="remarkInfomation"/>
        <result column="queue_address" property="queueAddress"/>
        <result column="remark_queue_address" property="remarkQueueAddress"/>
        <result column="phone" property="phone"/>
        <result column="queue_time" property="queueTime"/>
        <result column="duration" property="duration"/>
        <result column="distance" property="distance"/>
        <result column="recommended_price" property="recommendedPrice"/>
        <result column="person_price" property="personPrice"/>
        <result column="create_time" property="createTime"/>
        <result column="user_id" property="userId"/>
        <result column="end_time" property="endTime"/>
        <result column="is_finished" property="isFinished"/>
        <result column="click_count" property="clickCount"/>
        <result column="title" property="title"/>
        <association property="user" javaType="User">
            <result column="nickname" property="nickname"/>
        </association>
    </resultMap>


    <select id="selectHelpsById"  resultMap="selectHelpQueueMap">
        select hq.*, u.* FROM help_queue hq,user u where hq.user_id = u.user_id
        <if test=" param1 != 0">
            and hq.user_id = ${param1}
        </if>
        <if test=" param2 != 0">
            AND u.school_id = ${param2}
        </if>
    </select>
<!--如果hq.user_id 为null值就 where hq.user_id = u.user_id 就不成立-->
    <select id="selectHelpByHelpId" resultMap="selectHelpQueueMap">
        select hq.*,u.* FROM help_queue hq,user u where hq.user_id = u.user_id and hq.help_queue_id = #{param1}
    </select>
    <insert id="insertHelpQueue" parameterType="HelpQueue" useGeneratedKeys="true">
        insert into help_queue(name,remark_infomation,queue_address,remark_queue_address,phone,queue_time,duration,distance,recommended_price,person_price,create_time,user_id,end_time,is_finished,click_count)
        VALUES (#{name},#{remarkInfomation},#{queueAddress},#{remarkQueueAddress},#{phone},#{queueTime},#{duration},#{distance},#{recommendedPrice},#{personPrice},#{createTime},#{userId},#{endTime},#{isFinished},#{clickCount})
    </insert>

    <delete id="deleteHelpQueue" parameterType="java.lang.Integer" >
        delete FROM help_queue WHERE help_queue_id = #{param1}
    </delete>

    <update id="updateHelpClickCount" parameterType="java.lang.Integer">
        UPDATE help_queue set click_count = click_count+1 where help_queue_id = #{param1}
    </update>
</mapper>