<?xml version="1.0" encoding="UTF-8"?>
<!DOCTYPE mapper PUBLIC "-//mybatis.org//DTD Mapper 3.0//EN" "http://mybatis.org/dtd/mybatis-3-mapper.dtd">
<mapper namespace="com.gem.hami.dao.HelpCommentMapper">

    <resultMap id="selectCommentsMap" type="HelpComment">
        <id column="help_comment_id" property="helpCommentId"></id>
        <result column="content" property="content"/>
        <result column="user_id" property="userId"/>
        <result column="release_time" property="releaseTime"/>
        <result column="release_type" property="releaseType"/>
        <result column="help_id" property="helpId"/>
        <association property="user" javaType="User">
            <result column="nickname" property="nickname"/>
        </association>

    </resultMap>


    <select id="selectCommentsByHelpId" resultMap="selectCommentsMap">
        select u.* ,hc.* FROM user u ,help_comment hc WHERE hc.release_type = #{param1} and hc.user_id=u.user_id and help_id = #{param2}
    </select>

    <select id="selectCommentsByUserId" resultMap="selectCommentsMap">
        select u.* ,hc.* FROM user u ,help_comment hc WHERE hc.user_id=u.user_id and u.user_id = #{param1}
    </select>

    <insert id="insertHelpComment" parameterType="HelpComment" useGeneratedKeys="true">
        insert into help_comment(content,user_id,release_type,help_id)
        VALUES (#{content},#{userId},#{releaseType},#{helpId})
    </insert>

    <delete id="deleteHelpComment" parameterType="java.lang.Integer">
        delete FROM help_comment WHERE help_comment_id = #{param1}
    </delete>

</mapper>