<?xml version="1.0" encoding="UTF-8"?>
<!DOCTYPE mapper PUBLIC "-//mybatis.org//DTD Mapper 3.0//EN" "http://mybatis.org/dtd/mybatis-3-mapper.dtd">
<mapper namespace="com.gem.hami.dao.HelpInfoMapper">

    <resultMap id="HelpInfoMap" type="HelpInfo">
        <result column="name" property="name"/>
        <result column="recommended_price" property="recommendedPrice"/>
        <result column="person_price" property="personPrice"/>
        <result column="create_time" property="createTime"/>
        <result column="user_id" property="userId"/>
        <result column="end_time" property="endTime"/>
        <result column="is_finished" property="isFinished"/>
        <result column="click_count" property="clickCount"/>
        <result column="help_type" property="helpType"/>
        <result column="title" property="title"/>
        <result column="comment_count" property="commentCount"/>
        <association property="user" javaType="User">
            <result column="nickname" property="nickname"/>
        </association>
    </resultMap>

    <select id="selectAllHelpsByCreateTime"  resultMap="HelpInfoMap">
        select h.* , u.* from(
        (select '1' help_type,hb.name,hb.recommended_price,hb.person_price,hb.create_time,
        hb.user_id,hb.end_time,hb.is_finished,hb.click_count,hb.title,hb.comment_count
        from help_buy hb)
        UNION
        (select '2' help_type,hs.name,hs.recommended_price,hs.person_price,hs.create_time,
        hs.user_id,hs.end_time,hs.is_finished,hs.click_count,hs.title,hs.comment_count
        from help_send hs)
        UNION
        (select '3' help_type,hf.name,hf.recommended_price,hf.person_price,hf.create_time,
        hf.user_id,hf.end_time,hf.is_finished,hf.click_count,hf.title,hf.comment_count
        from help_fetch hf)
        UNION
        (select '4' help_type,hq.name,hq.recommended_price,hq.person_price,hq.create_time,
        hq.user_id,hq.end_time,hq.is_finished,hq.click_count,hq.title,hq.comment_count
        from help_queue hq)
        )h , user u
        where u.user_id=h.user_id
        ORDER BY h.create_time DESC
    </select>

    <select id="selectBuyInfosByCreateTime"  resultMap="HelpInfoMap">
        select h.* , u.* from(
        (select '1' help_type,hb.name,hb.recommended_price,hb.person_price,hb.create_time,
        hb.user_id,hb.end_time,hb.is_finished,hb.click_count,hb.title,hb.comment_count
        from help_buy hb)
        )h , user u
        where u.user_id=h.user_id
        ORDER BY h.create_time DESC
    </select>

    <select id="selectSendInfosByCreateTime"  resultMap="HelpInfoMap">
        select h.* , u.* from(
        (select '2' help_type,hs.name,hs.recommended_price,hs.person_price,hs.create_time,
        hs.user_id,hs.end_time,hs.is_finished,hs.click_count,hs.title,hs.comment_count
        from help_send hs)
        )h , user u
        where u.user_id=h.user_id
        ORDER BY h.create_time DESC
    </select>

    <select id="selectFetchInfosByCreateTime"  resultMap="HelpInfoMap">
        select h.* , u.* from(
        (select '3' help_type,hf.name,hf.recommended_price,hf.person_price,hf.create_time,
        hf.user_id,hf.end_time,hf.is_finished,hf.click_count,hf.title,hf.comment_count
        from help_fetch hf)
        )h , user u
        where u.user_id=h.user_id
        ORDER BY h.create_time DESC
    </select>

    <select id="selectQueueInfosByCreateTime"  resultMap="HelpInfoMap">
        select h.* , u.* from(
        (select '4' help_type,hq.name,hq.recommended_price,hq.person_price,hq.create_time,
        hq.user_id,hq.end_time,hq.is_finished,hq.click_count,hq.title,hq.comment_count
        from help_queue hq)
        )h , user u
        where u.user_id=h.user_id
        ORDER BY h.create_time DESC
    </select>

</mapper>