<?xml version="1.0" encoding="UTF-8"?>
<beans xmlns="http://www.springframework.org/schema/beans"
       xmlns:xsi="http://www.w3.org/2001/XMLSchema-instance"
       xmlns:context="http://www.springframework.org/schema/context"
       xsi:schemaLocation="http://www.springframework.org/schema/beans http://www.springframework.org/schema/beans/spring-beans.xsd http://www.springframework.org/schema/context http://www.springframework.org/schema/context/spring-context.xsd">

    <!--数据源获得:导入外部的properties配置文件-->
    
    <context:property-placeholder location="classpath:config/db.properties"></context:property-placeholder>
    <!--数据源配置  ：连接池    JDBC的连接池  C3P0    DBCP（连接池）      -->
    <bean id="dataSourceId" class="org.apache.commons.dbcp.BasicDataSource" destroy-method="close">
        <property name="driverClassName" value="${jdbc.driver}"/>
        <property name="url" value="${jdbc.url}"/>
        <property name="password" value="${jdbc.password}"/>
        <property name="username" value="${jdbc.username}"/>
    </bean>

     <!--sqlSessionFactory实例化  通过数据源和mybatis的核心配置文件去实例化sqlSession工程-->
    <bean id="sqlSessionFactory" class="org.mybatis.spring.SqlSessionFactoryBean">
        <property name="dataSource" ref="dataSourceId"/>
        <property name="configLocation" value="classpath:config/SqlMapConfig.xml"/>
    </bean>

    <!--持久层实现类的对象实例化      sqlSession    整包      实现类对象的id是mapper接口名：第一个字母小写-->

    <bean class="org.mybatis.spring.mapper.MapperScannerConfigurer">
      <property name="basePackage" value="com.gem.hami.dao"/>
        <property name="sqlSessionFactoryBeanName" value="sqlSessionFactory"/>
    </bean>

</beans>

