<?xml version="1.0" encoding="UTF-8" ?>
<!DOCTYPE configuration
PUBLIC "-//mybatis.org//DTD Config 3.0//EN"
"http://mybatis.org/dtd/mybatis-3-config.dtd">
<configuration>

  <settings>
	  <setting name="logImpl" value="LOG4J"/>
	  <setting name="mapUnderscoreToCamelCase" value="true"/>
  </settings>

	<typeAliases>
		<package name="com.gem.hami.entity"/>
	</typeAliases>
	<plugins>
		<plugin interceptor="com.github.pagehelper.PageInterceptor">
			<property name="reasonable" value="true"/>
		</plugin>
	</plugins>
	<!-- 加载 映射文件 -->
	<mappers>
		<package name="com.gem.hami.dao"/>
	</mappers>
	
</configuration>
